Variable,F_statistic,p_value
number_inpatient,2853.0580433774694,0.0
number_emergency,376.8771187984358,8.449727558864405e-84
number_diagnoses,250.1338131449393,2.8342994093740284e-56
time_in_hospital,199.16334455214707,3.5083320773664676e-45
num_medications,150.5311349924612,1.4039135325748417e-34
