cluster,number_inpatient,number_emergency,time_in_hospital,num_medications,number_diagnoses,readmit_30
0,0.8741768066640498,0.2045444633433643,8.525578961140914,25.187535435474725,8.268568188756596,0.13541802956954074
1,0.335810344260678,0.08818597310360701,2.9665274718048202,11.69956926314405,4.954032814914675,0.08331963305165555
2,0.710889903141199,0.26354267776378015,3.338386237376345,14.396356952561906,8.572602796307388,0.1180892587926726
